a1,a2,a3,a4,a5,a6,a7,z
-0.0046793150,0.0021934190,0.0038943760,0.0000000000,0.0311902290,0.0126980390,0.0285244620,1
0.0077867380,0.0084553410,0.0128656110,0.0041624520,0.0189195800,0.0113406520,0.0087726440,1
-0.0304691340,-0.0178330620,-0.0287345930,0.0172929320,-0.0358985760,-0.0170727950,-0.0200154120,0
0.0033913640,-0.0117262770,-0.0004659990,-0.0400613090,0.0282831520,-0.0055609590,-0.0194237780,0
-0.0215332080,-0.0198727540,-0.0127097170,-0.0044735020,-0.0097638800,-0.0109886340,-0.0078022120,1
-0.0228226260,-0.0135257350,-0.0050255330,-0.0490385320,-0.0538494740,-0.0124512590,-0.0226297450,0
0.0017565520,-0.0176736220,-0.0061414540,0.0000000000,0.0035720200,-0.0122201960,-0.0048271380,1
-0.0340324840,-0.0473834370,-0.0509451980,0.0029123540,-0.0403016130,-0.0452201990,-0.0086766460,0
0.0013283050,-0.0195506210,-0.0143346590,-0.0504475880,0.0303136020,-0.0120704240,-0.0234287290,1
0.0075331260,0.0067907800,0.0062891770,0.0254531860,0.0048666860,0.0085608580,0.0109168930,1
-0.0542619840,-0.0115499040,-0.0093512960,0.0032389180,-0.0131510150,-0.0120451820,-0.0040290040,0
0.0000000000,-0.0178335930,-0.0041707890,-0.0234114980,-0.0408992610,-0.0150880130,-0.0241071930,0
0.0425720330,0.0050111860,-0.0077288670,-0.0205613280,0.0335321270,-0.0033385630,-0.0050922420,1
-0.0152784580,-0.0098413990,-0.0018983990,0.0188178840,-0.0169817130,-0.0065522200,-0.0032272490,0
0.0053632360,-0.0096400520,0.0000740311,-0.0388084650,0.0062610360,-0.0036200560,-0.0080773190,1
0.0055378560,0.0347867910,0.0378911150,-0.0081815980,0.0098381560,0.0327995810,0.0103196850,1
0.0108663120,-0.0007976610,-0.0034747880,0.0481481480,0.0049217800,-0.0026418060,0.0063444980,0
0.0330068340,0.0441820120,0.0237478180,0.0055940010,0.0387246520,0.0299742000,0.0221041030,1
-0.0336810510,-0.0202559110,-0.0247735200,0.0177231890,-0.0147501580,-0.0231085860,0.0004086970,0
-0.0230528100,-0.0204787650,-0.0097126560,-0.0316659770,-0.0085382900,-0.0072013030,0.0022425390,0
-0.0005329070,-0.0156367340,-0.0174543170,-0.0151338620,-0.0162893030,-0.0197392940,-0.0190913850,0
0.0157099300,0.0240400200,0.0210385930,-0.0061747420,0.0275737060,0.0178622740,0.0127186860,1
-0.0075176620,0.0265765130,0.0152747490,0.0269083240,0.0095648980,0.0187699620,0.0151655890,1
0.0162331940,0.0039319050,0.0000709430,-0.0111693310,0.0241278110,-0.0041390940,0.0020725050,0
0.0265406810,0.0293059180,0.0147876130,0.0158455660,0.0392824610,0.0191266680,0.0323381140,1
0.0014840470,0.0047661840,0.0036513790,-0.0134106890,-0.0154617960,0.0056271590,0.0078953940,1
-0.0503686200,-0.0351701470,-0.0221821860,-0.0029016730,-0.0214395960,-0.0243877530,-0.0021390950,0
0.0079234560,0.0054340560,0.0050193060,-0.0307449160,-0.0087992480,0.0010974180,-0.0079259970,0
0.0017376410,-0.0274205580,-0.0076098280,0.0000000000,-0.0084822320,-0.0140921750,-0.0147727480,0
-0.0100480380,0.0013218530,-0.0030029340,0.0095630240,0.0285507680,0.0030319330,0.0177644440,1
-0.0466294460,-0.0456139860,-0.0131663040,-0.0037644360,0.0039992870,-0.0127217130,-0.0068504410,0
0.0000000000,0.0000000000,-0.0246557310,-0.0135962310,-0.0488296000,-0.0309349940,-0.0383227710,0
-0.0009508170,-0.0027643350,-0.0067903110,-0.0146340380,-0.0043510590,-0.0033031020,-0.0033422610,0
-0.0120969220,0.0024346310,0.0028908960,0.0030757860,0.0014105090,0.0025694800,0.0067644980,1
-0.0114785730,-0.0487467510,-0.0327060450,-0.0188692280,-0.0258794480,-0.0379240050,-0.0272944420,0
-0.0353153560,-0.0196733590,-0.0099228180,-0.0054378900,-0.0125542610,-0.0121595950,0.0096778700,1
0.0393200530,-0.0103930870,-0.0089473800,-0.0146949800,0.0000000000,-0.0094470320,-0.0118811120,1
-0.0107150380,-0.0127979670,0.0085058040,0.0261607420,0.0000000000,-0.0009941830,0.0060993640,1
-0.0159056680,0.0247572290,0.0171552000,-0.0004410440,-0.0013610430,0.0209026480,-0.0023311640,1
-0.0238464980,-0.0253996260,-0.0220776620,0.0147064310,0.0000785721,-0.0182614380,-0.0061501310,0
-0.0477418630,-0.0353951070,-0.0548159590,-0.0388328610,-0.0523648880,-0.0488167740,-0.0353648820,0
-0.0064273920,-0.0052291830,-0.0318608040,-0.0069511580,0.0064096610,-0.0202990960,0.0012903070,1
0.0234753900,0.0528292130,0.0373890990,0.0084349170,0.0516743780,0.0365484600,0.0303115060,1
-0.0434632910,-0.0515376160,-0.0323337070,0.0193602410,-0.0272680580,-0.0374652030,-0.0086718380,0
0.0012152890,-0.0079001760,0.0002266100,-0.0356575480,-0.0070897520,-0.0111720400,-0.0020976470,1
-0.0100742810,0.0069634610,0.0033083120,-0.0122126780,-0.0098584340,-0.0001779440,-0.0055583640,0
0.0617187100,0.0514560640,0.0476280490,-0.0043914900,0.0543980750,0.0504592690,0.0249099540,1
0.0024428170,0.0069529110,-0.0057767740,0.0445140050,0.0002577320,0.0039504640,0.0128157200,0
0.0399210680,0.0107036060,0.0049420160,-0.0244098140,0.0089024020,0.0098011910,0.0054194750,1
0.0077092380,-0.0006624680,0.0111442660,0.0502600100,-0.0035053190,0.0061938850,0.0186892380,1
-0.0035221560,0.0227412670,0.0289608960,0.0176611940,-0.0105125800,0.0266776640,0.0102538790,1
0.0316342850,-0.0141356460,-0.0017873110,0.0313033440,0.0231455070,-0.0056837060,0.0026886910,0
0.0206434160,0.0021417600,-0.0135996140,0.0028942380,0.0158440540,-0.0042047750,0.0060125060,1
-0.0130641310,0.0117268230,0.0031225840,-0.0032931030,0.0077176390,0.0070283500,0.0098472740,1
-0.0199674280,0.0062326080,0.0067887150,0.0333626420,-0.0093631550,0.0033750030,-0.0066543520,1
0.0683663800,0.0261090790,0.0281968990,0.0000000000,0.0572900990,0.0283794340,0.0441215710,1
-0.0206263760,0.0026280160,-0.0105032560,0.0326624790,-0.0229528040,-0.0039238990,0.0022960450,1
0.0095803200,0.0085439810,-0.0028674590,-0.0009794740,0.0077574690,0.0071258590,0.0083096520,1
0.0230526260,0.0085068170,0.0063638320,0.0182684530,0.0187235880,0.0045643970,0.0164176450,0
-0.0205247380,-0.0131918560,-0.0067228430,-0.0010843810,-0.0161431270,-0.0131920920,-0.0067308610,1
-0.0354393580,-0.0523311770,-0.0355045250,-0.0463688400,-0.0303802430,-0.0395754260,-0.0385644630,0
0.0130442120,0.0236647450,0.0424566300,-0.0154845890,0.0066929240,0.0339052560,0.0078342210,1
0.0164210160,0.0112734780,0.0074857300,0.0294503420,0.0253324680,0.0131310020,0.0153394910,1
0.0283222410,0.0589505310,0.0419337230,0.0431037530,0.0410735350,0.0462998650,0.0385061930,1
0.0096847280,0.0007003610,-0.0233740880,0.0034414060,0.0148651850,-0.0135659220,0.0043115210,0
-0.0083672520,-0.0080551790,-0.0090238920,0.0122776890,-0.0050588420,-0.0066393800,0.0041919310,1
-0.0241436780,-0.0062982270,-0.0159013950,-0.0028353770,-0.0077734730,-0.0109734610,-0.0055658620,0
0.0117145750,0.0081609410,-0.0012729130,-0.0272959240,0.0081130360,0.0045762400,-0.0075010840,1
0.0373470610,0.0301072350,0.0147173040,0.0366723430,0.0302516350,0.0203502470,0.0276958550,1
0.0025301860,0.0000000000,0.0013295370,0.0053746820,0.0098983670,0.0000000000,0.0053859960,1
0.0000000000,0.0000000000,0.0000000000,-0.0044363670,0.0000000000,0.0000000000,0.0058796360,0
-0.0202685400,0.0145645930,0.0000000000,-0.0092024620,-0.0125589660,0.0104105680,0.0074141130,0
0.0124709330,-0.0015856290,-0.0051775820,-0.0113411930,-0.0031976740,-0.0056920600,0.0027112800,1
0.0154193210,0.0130296350,0.0210943570,0.0014058580,0.0164738990,0.0196791810,0.0024386900,1
0.0049570680,0.0145119550,0.0097719850,0.0172479370,-0.0053811010,0.0150008180,-0.0055259220,0
-0.0437322550,-0.0415943600,-0.0252125630,0.0019257160,-0.0298211900,-0.0331450550,-0.0083578480,0
0.0210293820,0.0034112450,-0.0008523010,-0.0242038390,0.0101880620,0.0001071110,-0.0072765740,1
-0.0077112860,0.0204029700,0.0107755900,0.0018315660,0.0000000000,0.0142465650,-0.0009666720,1
0.0265312850,0.0172411740,0.0306130150,-0.0022150490,0.0411142350,0.0197326640,0.0229151470,1
-0.0101176210,0.0042163120,0.0026432790,0.0021050430,-0.0205640560,0.0011938260,-0.0187367200,0
-0.0027442550,-0.0186319630,-0.0170878130,-0.0270130840,0.0000218243,-0.0161919730,-0.0132239840,0
0.0213798060,0.0208642040,0.0224967250,0.0386249860,0.0302232620,0.0212244560,0.0258124290,1
-0.0009505000,0.0136987430,0.0128302660,0.0000000000,0.0013330940,0.0133643780,0.0164447650,1
0.0386891320,0.0275040860,0.0217242770,0.0612293150,0.0637915200,0.0156413770,0.0478045310,1
-0.0037989270,-0.0101318280,0.0000000000,0.0000000000,0.0052436430,0.0047223860,0.0040358260,1
0.0172545730,0.0056874490,0.0136489630,0.0000000000,0.0162283710,0.0127286620,0.0117373760,1
-0.0132903230,-0.0158209810,0.0005002730,0.0000000000,-0.0283800570,-0.0052341160,-0.0024674100,0
0.0237839400,0.0225982040,0.0143104650,0.0050089030,0.0263780150,0.0168388520,0.0103308630,0
-0.0217472000,-0.0096086850,-0.0059791580,0.0020280860,-0.0082054150,-0.0118346480,-0.0055793550,0
-0.0009793190,-0.0026334700,-0.0022570830,-0.0163593170,-0.0128330920,-0.0041182040,-0.0022450180,1
-0.0272632060,-0.0264059790,-0.0214924510,0.0044937870,-0.0332741170,-0.0244429500,-0.0106736060,0
0.0102984040,0.0022945090,0.0071773950,-0.0267735480,0.0156334390,0.0043935360,-0.0113050190,1
-0.0114756740,-0.0002047280,-0.0033292420,0.0186608530,-0.0089180200,0.0025040010,0.0081604910,1
0.0299365760,0.0238731770,0.0223783020,-0.0247317660,0.0488999580,0.0213451070,0.0273480380,1
-0.0068829620,0.0378129950,0.0049131330,0.0332886640,-0.0042450510,0.0175558500,0.0234052870,1
-0.0168996100,-0.0278238120,-0.0278895760,-0.0086508040,-0.0228565590,-0.0208689580,-0.0170318810,0
-0.0014983130,0.0036825030,0.0045460890,-0.0041471210,0.0095574720,-0.0008096640,0.0021300800,1
0.0259621890,-0.0000609930,0.0105731870,0.0130504450,0.0048923000,0.0016305800,0.0008414830,1
0.0000000000,0.0135603170,0.0000000000,-0.0038793450,0.0199700760,0.0069302900,-0.0053314990,0
-0.0191534030,0.0030381430,0.0010194950,0.0136495840,-0.0009456450,0.0035961280,0.0163606790,1
0.0153012340,-0.0136689050,-0.0065200090,0.0013361460,0.0238295020,-0.0093200930,0.0085828940,0
0.0134834490,0.0016083130,0.0069048810,0.0074955990,0.0029556020,0.0027275250,0.0077607510,0
0.0254899650,0.0400197010,0.0197897560,0.0161720170,0.0239229860,0.0229885380,0.0299783010,1
0.0019813420,0.0002916410,-0.0065010470,0.0027406800,-0.0089597410,0.0004509260,-0.0066305410,0
-0.0138344870,-0.0175577800,-0.0211285000,0.0038424440,-0.0360686490,-0.0191999260,-0.0130267040,0
0.0114182070,0.0020297790,0.0007981480,-0.0074918060,0.0260931330,0.0011986570,-0.0012836520,0
-0.0025178630,0.0024117950,0.0117161840,0.0101920060,-0.0023032640,0.0062553630,0.0071952010,1
-0.0010110520,-0.0143449780,-0.0075533500,0.0099442390,0.0054033470,-0.0100881660,-0.0105369160,0
0.0034970830,-0.0013716460,-0.0000908059,-0.0080204170,-0.0088588140,0.0022475230,-0.0051488880,1
-0.0034864350,0.0106120590,0.0072385400,0.0206971480,0.0047669180,0.0095635790,0.0196233960,1
0.0060933080,0.0110411780,0.0056412880,-0.0010173830,0.0027484620,0.0076079360,0.0028885940,1
0.0013960130,-0.0074721520,-0.0044699590,0.0153593360,0.0000000000,-0.0033601530,-0.0021802220,1
-0.0240555360,-0.0360108720,-0.0264613980,-0.0095314390,-0.0288678280,-0.0266077470,-0.0211093330,0
-0.0128019010,0.0001594980,0.0006008370,-0.0289816190,-0.0160406380,-0.0018981770,-0.0094526940,0
-0.0013825800,-0.0187277810,-0.0116416830,0.0089794630,-0.0031295260,-0.0170370190,-0.0132763470,1
0.0083758440,0.0077821730,0.0005607870,-0.0140327720,-0.0028053260,0.0065326950,-0.0098276680,1
0.0031093740,0.0004092200,0.0150696040,0.0084700440,0.0092103470,0.0105304850,0.0075049720,1
-0.0310783610,-0.0306458780,-0.0260856990,0.0040800500,-0.0372605540,-0.0284507750,-0.0118950170,0
0.0023040710,0.0029253630,-0.0009451800,-0.0285590960,0.0064244150,-0.0003970870,-0.0146765810,0
0.0065032190,0.0270073710,0.0117510170,0.0042539400,-0.0028546750,0.0210060060,0.0169915460,1
0.0212175760,-0.0073574230,-0.0064224490,0.0212280490,0.0364316330,-0.0064918760,0.0133590360,1
-0.0014789360,-0.0050307980,-0.0027314700,0.0082660010,-0.0005631010,-0.0024345530,0.0098960250,1
0.0090243440,0.0224859290,0.0124196090,-0.0095540800,0.0125841230,0.0161009600,0.0030092710,1
-0.0085673810,-0.0157734090,-0.0104879700,0.0177262060,-0.0129920850,-0.0097563140,-0.0069320940,1
0.0043524340,0.0199304940,0.0213048960,-0.0018604540,0.0015338470,0.0189969660,0.0110496600,1
-0.0295776470,-0.0388559600,-0.0248176000,-0.0064372190,-0.0101201030,-0.0261489020,-0.0048370230,0
0.0025624760,-0.0021810400,0.0004722220,-0.0061019210,-0.0017653990,-0.0001298040,0.0008640740,0
0.0000000000,-0.0120492520,-0.0098207450,-0.0138690650,-0.0061640460,-0.0105267300,-0.0139547510,0
-0.0198798510,-0.0115957930,-0.0018850150,-0.0034229000,-0.0232826590,-0.0050628920,-0.0023886980,1
-0.0016698950,-0.0055698420,-0.0112403910,-0.0238141700,-0.0056572360,-0.0113709780,-0.0079451760,0
0.0035409520,0.0124790810,0.0044584300,-0.0138620560,0.0008739930,0.0057135510,0.0035460830,0
-0.0040299520,-0.0116789900,-0.0076033140,-0.0004069250,0.0000000000,-0.0109510650,-0.0034568860,0
0.0246279680,0.0314114430,0.0179851890,-0.0258445010,-0.0006910010,0.0201037730,-0.0134013510,1
0.0053019400,0.0124896010,0.0084362690,0.0230982730,-0.0064042640,0.0098105900,0.0168321830,0
0.0291994720,0.0302284670,0.0253502540,0.0008029760,0.0484071740,0.0270374650,0.0274352260,1
0.0086046370,0.0058165400,0.0035138930,0.0080490790,0.0120332800,0.0046218840,0.0060221860,1
-0.0003827510,0.0042695060,0.0061710250,0.0054601440,0.0029618250,0.0063932090,0.0102823470,0
0.0113667030,0.0103412500,0.0124090180,0.0269555270,0.0205847970,0.0108569590,0.0230924090,1
0.0036207020,0.0126076830,0.0084260090,0.0000000000,0.0014851160,0.0079087400,0.0015261310,0
-0.0005344090,0.0054015930,0.0027855480,0.0073434490,-0.0030289660,0.0027572250,-0.0047101160,1
0.0230226290,0.0242507670,0.0146023470,0.0071510490,0.0219162350,0.0181310920,0.0163986260,1
0.0030375110,-0.0034209470,0.0036776010,0.0153629450,0.0038268400,0.0004772970,0.0037121470,1
0.0029774070,0.0042343710,0.0020736250,0.0143873580,0.0016879810,0.0035899010,0.0092793970,1
-0.0026098500,-0.0147341750,-0.0125729860,-0.0001387790,-0.0014125720,-0.0097142930,0.0034953230,1
-0.0045734360,0.0183019850,0.0041206280,0.0025722150,-0.0136222500,0.0067905800,-0.0131023750,1
0.0118254090,0.0169960200,0.0183247490,0.0051256500,0.0137323920,0.0202595180,0.0100004040,1
0.0007395290,-0.0053344430,-0.0050216560,0.0186750990,0.0052726130,-0.0024008190,0.0107557260,1
0.0152255830,0.0176061970,0.0159514300,-0.0004210670,0.0222464120,0.0134111890,0.0161590520,1
0.0030075510,-0.0018130060,-0.0023733430,0.0021748910,0.0007140560,-0.0025552350,-0.0033486350,1
-0.0029177910,-0.0118868290,-0.0052154430,-0.0118755260,0.0061553980,-0.0061866670,-0.0048601920,0
-0.0056405790,0.0031651650,0.0092958170,0.0131354530,-0.0112183380,0.0071419040,0.0016241730,0
0.0133497370,0.0164341110,0.0087242250,0.0023076730,0.0102601600,0.0110804900,-0.0026214740,1
-0.0033505520,-0.0075094040,-0.0019886190,0.0107154370,0.0088371020,-0.0031772430,0.0041962700,0
-0.0127409350,-0.0247230200,-0.0108373870,0.0057982930,-0.0189896550,-0.0134437270,-0.0061165710,0
0.0114592090,0.0120875120,0.0096931980,-0.0143158210,0.0147222480,0.0105125150,-0.0063977620,1
0.0068564680,0.0094911050,0.0081712390,0.0078455210,0.0080960700,0.0078720830,0.0132755540,1
-0.0085679960,-0.0171802750,-0.0087650380,0.0075910210,-0.0072128810,-0.0083248710,-0.0014268940,0
-0.0245599140,-0.0204560200,-0.0147454320,-0.0315104130,-0.0253911510,-0.0192532700,-0.0297724100,0
0.0100945310,0.0094008260,0.0087452870,0.0015909650,0.0095704860,0.0096418850,0.0028530290,0
0.0068374440,-0.0035792280,0.0008319560,-0.0079028340,0.0072740590,-0.0000421174,-0.0033500040,1
0.0108892550,0.0150016470,0.0141645130,0.0174295400,0.0119484190,0.0141988860,0.0132965680,1
0.0184514700,0.0281590570,0.0196311270,-0.0140835170,0.0156776950,0.0233487710,0.0068128720,1
-0.0005458890,0.0103820740,0.0092951390,0.0329388420,0.0007965090,0.0105005770,0.0160655980,1
0.0023666110,0.0067420210,0.0041985180,-0.0079408680,-0.0061460660,0.0049577080,-0.0014647000,1
0.0001167250,-0.0063399090,-0.0053429170,0.0134694310,0.0059902770,-0.0041064770,-0.0019992120,0
0.0027779140,-0.0093957370,-0.0043442690,-0.0157000960,-0.0010738720,-0.0041560130,-0.0064736570,1
-0.0019903790,0.0085587290,0.0080791580,0.0057282800,-0.0000519908,0.0092425370,0.0050249770,1
-0.0081091420,-0.0108079220,-0.0183381990,-0.0039578360,-0.0212285750,-0.0061642990,-0.0128324640,0
-0.0223722090,-0.0242470850,0.0000000000,0.0035704490,-0.0120032780,-0.0179676660,0.0035967360,1
-0.0033019060,-0.0013994380,-0.0004565640,-0.0239890180,-0.0077157960,-0.0059843300,-0.0083209490,0
0.0084985920,-0.0034685190,-0.0043060920,-0.0064230210,0.0057789580,-0.0014659020,0.0081171620,1
0.0130322100,0.0155367460,0.0113801300,-0.0026987900,0.0168214790,0.0127727630,0.0097020450,0
0.0088060560,0.0145799850,0.0166587060,0.0130516460,0.0000000000,0.0155833490,0.0100258270,1
0.0000000000,0.0033293040,0.0028541090,0.0069797910,0.0210125890,0.0028735310,0.0139288060,0
0.0077522780,0.0167388290,0.0114555700,-0.0078327910,0.0009502010,0.0108473600,-0.0027460530,0
0.0103682740,0.0036726600,-0.0033226610,0.0193544730,0.0107518680,-0.0010347500,0.0092336710,1
-0.0013513060,0.0052144780,0.0047603900,-0.0066170680,-0.0029084210,0.0051799290,0.0036062540,1
0.0063191210,-0.0006723430,0.0014755150,-0.0234695870,0.0085641210,-0.0006987280,-0.0084051980,0
0.0031303990,0.0015538860,0.0046118760,0.0015240200,0.0067043900,0.0042970240,0.0083231680,0
0.0152073040,0.0125835340,0.0161322380,0.0051883160,0.0191691690,0.0145124650,0.0158132520,1
-0.0030643110,0.0054026760,0.0077565730,0.0167065040,-0.0029010270,0.0054451470,0.0057615810,1
0.0026338130,-0.0047765850,0.0017219870,-0.0070394070,0.0077229400,-0.0003640400,0.0004124020,1
-0.0069792740,-0.0003121200,-0.0064971190,0.0166087480,-0.0034158730,-0.0022007830,-0.0040044960,1
-0.0095565810,-0.0171292370,-0.0117628840,0.0000000000,-0.0074663120,-0.0141793040,-0.0101529770,1
-0.0061093380,-0.0042550900,0.0005707820,-0.0267423270,0.0051494280,-0.0020340070,-0.0005924100,0
0.0176528770,0.0273747140,0.0162963820,-0.0252988760,0.0157967660,0.0176151190,-0.0031916720,1
-0.0022320700,-0.0039808500,-0.0011621830,0.0090185860,-0.0013382080,-0.0012450380,0.0089619240,1
-0.0033338240,-0.0067365390,-0.0050128340,0.0032648970,0.0046108930,-0.0040518180,-0.0007438230,0
-0.0260972290,-0.0214813450,-0.0169130990,-0.0153733140,-0.0173643660,-0.0173769670,-0.0032330470,0
-0.0045156910,-0.0157227810,-0.0117771500,-0.0250407420,0.0117241190,-0.0162125420,-0.0087413000,0
0.0147654530,0.0074612590,0.0071107860,-0.0059135420,0.0193787890,0.0080329030,0.0019919380,1
0.0136124060,0.0266509540,0.0223777580,0.0017876430,0.0048304640,0.0235231410,0.0130762110,1
0.0027079500,-0.0029898090,-0.0056797820,0.0110614010,-0.0005266980,-0.0040432620,0.0042959810,0
0.0074421230,0.0133466920,0.0089054030,0.0033486060,0.0177539120,0.0108927930,0.0076959800,1
0.0056248010,-0.0008155110,0.0014152090,0.0185325770,0.0048658090,0.0000915971,0.0061762620,1
0.0043768230,0.0124141340,0.0093135140,0.0059891830,0.0089343880,0.0105750710,0.0043436610,1
-0.0027915040,-0.0119887950,-0.0108257280,0.0000000000,0.0000000000,-0.0103158970,0.0000448057,0
0.0173936710,0.0241755480,0.0195967920,-0.0016238950,0.0237693370,0.0198695780,0.0164266270,1
0.0041488150,-0.0040000360,-0.0063173570,0.0175817360,0.0075543610,-0.0041180310,0.0017767090,0
-0.0081310190,-0.0150994390,-0.0062997170,0.0018452200,-0.0075694660,-0.0091674730,-0.0061992400,0
0.0093613850,0.0188295440,0.0174379160,-0.0020542530,0.0155729730,0.0159489500,0.0108306790,1
-0.0062586720,-0.0069940010,-0.0072400050,0.0097534720,-0.0292154590,-0.0058588890,-0.0032481570,1
-0.0088932030,0.0037302770,0.0027615650,-0.0003338130,0.0027984020,0.0016124840,-0.0024971660,1
0.0105873660,-0.0121694230,-0.0096510170,-0.0064289740,0.0098617280,-0.0105270170,-0.0050116150,0
-0.0122532610,-0.0039432630,0.0067368680,0.0015396480,-0.0164035570,-0.0007780760,0.0039199970,1
-0.0117864910,-0.0172357920,-0.0097563620,0.0077140270,0.0004149220,-0.0139863190,0.0002556860,0
-0.0033233850,-0.0012662740,0.0017897180,-0.0145965570,-0.0300224500,0.0005503590,-0.0148596320,0
-0.0197343590,-0.0249310160,-0.0234609160,-0.0135464730,-0.0486460980,-0.0216144410,-0.0259506500,0
-0.0061958420,-0.0149041870,-0.0070914580,-0.0040089980,0.0227439390,-0.0050984680,-0.0060250000,0
0.0064355920,0.0029246420,0.0118239630,-0.0233697120,0.0176670810,0.0064160610,-0.0015357580,1
0.0024230360,-0.0143676020,-0.0132721310,0.0042102630,0.0000000000,-0.0141071120,-0.0073530450,0
0.0010421100,0.0168337990,0.0139379890,0.0000000000,0.0200708400,0.0165560420,0.0185582590,1
0.0190528830,0.0067166380,0.0034592300,-0.0129714140,0.0140297030,0.0064500390,0.0023635800,1
0.0025000830,0.0013364730,0.0033306420,0.0073728510,-0.0054145330,0.0013805450,0.0041299330,0
0.0219951710,0.0236723970,0.0178268150,0.0020042520,0.0267539680,0.0190479490,0.0178399940,1
-0.0000640413,-0.0011608740,-0.0008981720,0.0062745000,0.0013432240,-0.0023555240,0.0044110330,1
0.0050193580,0.0097771030,0.0069160920,0.0000962395,0.0019286700,0.0064807600,0.0079785840,1
-0.0103123410,-0.0007747760,0.0018400320,-0.0068296080,-0.0303051180,-0.0001055160,-0.0106818450,0
0.0057228960,0.0040296810,0.0037643450,-0.0034922490,0.0135314220,0.0019302780,0.0029166710,0
0.0143639150,0.0205356320,0.0161627630,0.0021337850,0.0197197810,0.0141232270,0.0156929400,1
0.0009190760,-0.0045565870,-0.0068601950,-0.0062752790,0.0116241340,-0.0065689080,0.0009174370,0
-0.0004684430,0.0015874060,-0.0007110780,-0.0054754340,-0.0132915150,0.0005387030,-0.0017843460,0
-0.0135167840,-0.0148708680,-0.0140249990,-0.0132456130,-0.0028454660,-0.0156215950,-0.0054479130,0
-0.0032200840,-0.0068682830,-0.0030991270,-0.0054380970,0.0072407480,-0.0058524630,-0.0031167930,0
0.0135239270,0.0241327830,0.0196293630,-0.0101697980,0.0000000000,0.0204486510,0.0079849550,1
-0.0005334800,-0.0055605680,-0.0058991700,0.0000000000,0.0075750030,-0.0064023330,-0.0043663850,0
0.0044940250,0.0058259820,0.0076341960,0.0042519340,0.0088735660,0.0053821900,0.0042116320,1
-0.0015949610,-0.0045614660,-0.0098530350,0.0137333700,0.0092186810,-0.0083180250,-0.0044156350,1
0.0003426360,0.0008772920,0.0028572520,0.0038308510,0.0010061170,0.0028695990,0.0059855340,1
-0.0084376460,-0.0019615610,-0.0027066670,0.0376556810,-0.0043818080,-0.0000725925,0.0030236680,1
0.0054943700,0.0081636630,0.0017676820,0.0044919490,-0.0104622090,0.0077646810,-0.0000745967,1
-0.0024714510,-0.0056712560,-0.0022006760,0.0143646490,0.0133417600,-0.0033578980,0.0004031370,0
-0.0103044380,-0.0167644880,-0.0166325580,-0.0026718460,-0.0114944640,-0.0152145040,-0.0060069250,0
0.0036656360,-0.0071874850,-0.0036827510,-0.0134773670,0.0041697120,-0.0084694200,-0.0044785450,0
0.0058226980,0.0107742090,0.0077524960,-0.0142848500,0.0104725250,0.0089866430,0.0031913540,1
0.0036762750,0.0082457900,0.0032743220,0.0245421970,0.0078119170,0.0030940790,0.0055243480,0
0.0069353400,0.0079543270,0.0101542910,-0.0002166860,0.0011831250,0.0080300070,0.0043251800,1
-0.0055624700,0.0015636840,-0.0055654750,-0.0021992010,-0.0005481030,-0.0014272310,-0.0032269270,1
0.0011275940,0.0157223570,0.0065057130,0.0092721170,-0.0099904410,0.0102941530,-0.0017441630,1
-0.0118808250,-0.0100427560,-0.0194921670,-0.0013381700,-0.0229061530,-0.0133550870,-0.0096051130,0
0.0058129390,-0.0022662560,-0.0039944750,-0.0021422410,-0.0040937740,-0.0055583150,-0.0036792240,1
0.0104489070,0.0168890590,0.0185310520,0.0040756700,-0.0130955240,0.0150163340,-0.0037709280,1
0.0035572400,0.0025530020,0.0065332020,0.0189252540,0.0223943120,0.0074880260,0.0092370220,1
0.0022960690,0.0019742710,0.0081674300,0.0151942090,0.0025332030,0.0041347240,0.0078035150,0
0.0052423940,0.0076051590,0.0055685630,0.0000000000,0.0046202410,0.0018246650,0.0047806220,1
0.0011533720,0.0000000000,0.0064944880,-0.0040139600,0.0000000000,0.0000000000,0.0003403690,1
0.0000000000,0.0000000000,0.0000000000,0.0132067230,0.0000000000,0.0036810560,0.0041420790,0
-0.0014019650,0.0014366010,0.0000000000,0.0003600930,0.0057857100,0.0041861060,-0.0001905420,1
0.0001953280,-0.0090434390,-0.0073277980,-0.0086497740,0.0042663930,-0.0074684600,0.0003408490,0
-0.0101003750,0.0151380610,0.0027750050,0.0102211940,0.0210203000,0.0007835910,0.0068544900,1
0.0159160690,0.0000000000,0.0160176430,0.0000000000,0.0000000000,0.0167777630,0.0083990100,1
0.0031108060,-0.0027218200,0.0040280200,0.0025346110,0.0027800570,0.0013158200,0.0080667400,1
0.0005453760,0.0004094080,0.0013571590,0.0046345150,0.0069377230,0.0005857080,0.0053296200,1
0.0039932830,-0.0024838880,-0.0005969230,-0.0046504300,-0.0039382400,-0.0003595890,-0.0063746550,1
0.0028775490,0.0030272970,0.0013561290,0.0108623140,-0.0026720880,0.0035544230,0.0012292530,0
0.0017452320,0.0004785520,0.0007044610,0.0074566280,0.0024165590,-0.0004976770,0.0054473720,0
-0.0094254380,-0.0162727340,-0.0071397810,0.0000000000,-0.0050815360,-0.0098934070,-0.0037292030,0
0.0082913840,0.0033831320,-0.0045934350,-0.0133349680,0.0043998050,-0.0000747122,-0.0072634520,1
0.0024235670,0.0043072280,0.0045025000,0.0159549020,-0.0083318360,0.0054996970,0.0023126790,1
-0.0108821860,-0.0190332640,-0.0078148220,0.0067995460,-0.0118607230,-0.0111146640,-0.0020564520,0
0.0124221940,0.0072203340,0.0071234480,-0.0116335010,0.0061136630,0.0054031050,0.0017253960,1
0.0000000000,0.0097402790,0.0033976870,-0.0083423320,0.0072931200,0.0052962370,0.0021186340,1
-0.0106544380,-0.0211286000,-0.0168836720,-0.0025466910,-0.0247498310,-0.0175931070,-0.0090507560,1
-0.0191266050,-0.0180304060,-0.0159357770,0.0121162660,-0.0287072590,-0.0137765350,-0.0148555480,0
-0.0223898060,-0.0090279740,-0.0060349310,-0.0258983220,-0.0007547740,-0.0081994450,-0.0123846040,0
0.0045875410,-0.0112920330,-0.0080846390,-0.0073789950,-0.0105660440,-0.0076674360,-0.0041436340,1
-0.0042120710,0.0066476360,0.0031507450,-0.0179878420,0.0000000000,0.0038817090,-0.0174376550,1
0.0048683230,-0.0045491070,-0.0113204440,-0.0071146450,-0.0069528740,-0.0101274610,-0.0072753560,0
-0.0118881530,-0.0183972150,-0.0138569460,0.0156982900,0.0079291390,-0.0122744090,0.0105773090,1
-0.0098777670,0.0122809440,0.0082832240,-0.0209833570,-0.0028399130,0.0100725360,-0.0063147580,0
0.0141653550,0.0081131410,0.0112880780,0.0006842110,0.0177312300,0.0085200530,0.0018169170,1
0.0128895150,0.0097113260,0.0068181870,0.0161423720,0.0088384320,0.0092268410,0.0011540040,0
-0.0054894260,-0.0066018210,-0.0057325240,0.0031999380,-0.0008043380,-0.0059410130,0.0115408420,0
-0.0316358160,-0.0247841170,-0.0219014950,-0.0046579350,-0.0484668620,-0.0275187360,-0.0197741040,0
0.0028929720,-0.0180354610,-0.0153725500,-0.0292862720,-0.0184855730,-0.0210050080,-0.0272900000,0
-0.0089028490,0.0092516680,0.0061852620,-0.0105224090,0.0061946260,0.0069901650,-0.0038095340,0
0.0129558140,0.0024419330,0.0038219980,-0.0019029690,0.0244790160,0.0028126470,0.0129605380,1
0.0073988580,0.0069073730,0.0039438540,0.0159093780,0.0215680100,0.0059737520,0.0033369980,0
0.0000000000,-0.0058766690,0.0057317880,0.0000000000,0.0000000000,0.0005201130,0.0111113000,1
-0.0027484020,-0.0006433840,-0.0036878920,0.0000000000,-0.0041520240,-0.0034731710,-0.0023541580,0
0.0178406670,0.0019452410,0.0048496700,-0.0078476480,0.0214819740,0.0029322860,0.0022962930,1
0.0000000000,0.0145942240,0.0147146230,0.0020900320,0.0000000000,0.0126187100,0.0059473440,1
0.0042289910,0.0100032330,0.0061783160,0.0268025410,0.0000000000,0.0104603540,0.0103103250,1
0.0065631670,0.0056617170,0.0091495400,0.0027961720,0.0081556980,0.0070583430,-0.0023261620,0
0.0021841950,0.0073037200,0.0061966070,-0.0207355980,-0.0035294240,0.0067431820,-0.0082352510,1
-0.0010463740,-0.0058910870,-0.0011390910,0.0269836410,-0.0061284790,-0.0027082430,0.0080188180,0
-0.0121766140,-0.0149429260,-0.0069371810,-0.0046616000,-0.0161453560,-0.0114541090,-0.0018261450,0
0.0096735060,0.0020392930,0.0052167500,-0.0149163900,-0.0047459210,0.0031222440,-0.0063946270,0
-0.0020831640,-0.0149233470,-0.0121834460,-0.0095435430,0.0049425490,-0.0140500560,-0.0069276620,0
0.0014043480,0.0118824950,0.0143521980,0.0023798720,0.0057606630,0.0138246010,0.0077457930,1
0.0101072840,0.0203419860,0.0095536210,0.0045354100,0.0108427680,0.0136415320,0.0115749760,1
0.0023276440,0.0109748040,0.0143620470,0.0048818620,0.0081625850,0.0102622720,0.0082837400,1
0.0004291270,0.0071275840,0.0089133140,0.0030573920,-0.0020381040,0.0080066590,0.0037119960,1
0.0037292170,-0.0038852390,-0.0010849520,-0.0105320580,0.0025691010,-0.0006170570,-0.0040674710,0
0.0139103000,0.0140569860,0.0130495250,0.0217647860,0.0151032420,0.0147544950,0.0106452010,1
-0.0001756540,-0.0002467400,0.0012314280,0.0207080880,-0.0039586140,0.0010646740,0.0097562690,1
0.0017113150,0.0016970200,-0.0007850830,-0.0017273680,0.0144916430,-0.0003038260,0.0012884320,0
0.0045143250,0.0085988310,0.0068132150,-0.0003530260,0.0057755170,0.0079550170,0.0028521830,0
0.0040333700,-0.0013636350,-0.0041393210,0.0095182420,-0.0013441630,-0.0038567620,-0.0022851290,0
-0.0002173700,0.0027758750,0.0014764880,0.0080602930,-0.0078146720,0.0016019520,0.0000281704,0
0.0004520760,-0.0070134740,-0.0056508910,0.0000669667,-0.0045820920,-0.0067027840,-0.0075400200,0
0.0077490570,0.0113571840,0.0047261170,-0.0028192660,0.0132120570,0.0084224830,0.0066789350,1
0.0058047950,0.0088852270,0.0042965000,0.0116160420,-0.0031360780,0.0059944620,0.0117534110,1
-0.0003258950,-0.0019889360,-0.0003543840,-0.0095364490,-0.0003729740,-0.0029905660,-0.0001185080,0
-0.0050994850,-0.0049821940,0.0013282920,0.0074821560,-0.0125321070,-0.0016283480,-0.0017471530,0
0.0050823300,0.0008471230,-0.0009916240,-0.0046826610,0.0030898470,-0.0015865340,-0.0059585800,1
0.0071453910,0.0049597050,0.0051422170,0.0000000000,0.0049845150,0.0061352550,0.0020491520,1
-0.0055083850,0.0036047670,0.0007576090,0.0037870870,-0.0068546910,-0.0001846030,-0.0002800230,1
-0.0017056290,0.0154374390,0.0087151490,0.0012770360,-0.0068581680,0.0099939250,-0.0000332141,1
0.0007374630,-0.0021056080,-0.0043042430,0.0153513490,0.0035150450,-0.0033652830,0.0042335820,0
0.0056671420,0.0059950170,0.0013492560,-0.0009007030,0.0181217180,0.0016397870,0.0066570040,1
0.0000426168,-0.0023415980,-0.0067469290,0.0100229020,0.0003002170,-0.0039880020,0.0033224910,1
-0.0032782720,0.0018054660,0.0012861280,-0.0006490260,0.0058718070,-0.0005378310,-0.0015373990,0
0.0073865210,0.0132392400,0.0114316970,0.0138318360,0.0107980810,0.0119161540,0.0134515800,1
0.0078967580,0.0000000000,0.0061603800,0.0037007670,0.0021625270,0.0000000000,0.0012291910,1
0.0000000000,0.0000000000,0.0000000000,0.0047035740,0.0000000000,0.0000000000,0.0044522190,1
0.0016828790,0.0026666110,0.0000000000,-0.0050376690,-0.0027249890,0.0052501690,0.0029491780,0
-0.0058940510,-0.0047777100,-0.0031708930,0.0009311120,-0.0042709510,-0.0039531490,0.0031247760,1
0.0033686700,-0.0081619010,-0.0086102250,-0.0110975570,0.0139154150,-0.0093572130,-0.0036274600,0
0.0066616230,0.0125380720,0.0101536090,0.0032307490,-0.0051396040,0.0134902970,0.0039424230,1
0.0017650630,0.0001583950,0.0011429960,0.0042358000,-0.0113075110,0.0023031920,-0.0051791590,0
0.0006851090,-0.0031823070,-0.0027558010,-0.0080908370,0.0025175750,-0.0033374120,-0.0037993750,0
0.0110883840,0.0076056210,0.0059872130,0.0039050170,0.0034267130,0.0061868000,0.0075073310,1
0.0008421680,0.0020763980,0.0049392160,0.0061293800,-0.0072196360,0.0035945240,0.0000050824,0
-0.0162579500,-0.0177276770,-0.0140031680,-0.0153390770,-0.0157636620,-0.0151128560,-0.0125910870,0
0.0045111290,-0.0029910890,-0.0028068600,-0.0175744330,-0.0046636290,-0.0052253070,-0.0155193060,0
0.0080260260,0.0163828730,0.0096946450,-0.0007418800,0.0031788260,0.0120645070,0.0089430000,1
-0.0010194310,-0.0054183500,-0.0104805820,0.0172231370,0.0009805050,-0.0088971200,0.0025156980,0
0.0022612360,-0.0099459650,-0.0102031850,-0.0127919620,0.0000000000,-0.0129001040,-0.0031796460,0
0.0027925590,0.0261405740,0.0155180360,0.0195982920,-0.0074354090,0.0159721710,0.0087683590,1
-0.0236595670,-0.0276347060,-0.0264864830,0.0041888570,-0.0348823620,-0.0290215410,-0.0118891420,0
0.0064419380,-0.0122789720,-0.0030205290,-0.0260089780,0.0021777180,-0.0118228510,-0.0097229410,0
0.0128601440,0.0099058400,0.0055692550,0.0120653680,0.0196390580,0.0123602580,0.0029710640,1
-0.0167877360,-0.0014999260,-0.0115477830,0.0000000000,-0.0066121800,-0.0060687310,0.0041646990,1
0.0130352000,0.0050753530,-0.0259399460,-0.0332590310,-0.0061047800,0.0008634210,-0.0075868660,0
-0.0241271710,-0.0262973740,0.0000000000,0.0000000000,-0.0340973120,-0.0307223520,-0.0125064400,0
-0.0066083580,-0.0080917690,-0.0128710040,0.0000000000,0.0006934650,-0.0136544440,-0.0133841670,0
-0.0328884660,-0.0084590080,-0.0152602720,0.0000000000,-0.0233786600,-0.0177064960,-0.0135540590,0
-0.0154266290,-0.0332413270,-0.0265809180,-0.0314456680,-0.0085996490,-0.0338750010,-0.0147249970,0
0.0430347250,0.0516299780,0.0503226890,0.0158996120,0.0402473200,0.0670424670,0.0253176490,1
-0.0034031270,0.0032847780,-0.0099239730,-0.0114222560,-0.0158305710,-0.0072649820,-0.0065663750,1
0.0136459890,0.0238580360,0.0091998000,-0.0016409420,0.0123257430,0.0129053520,0.0071674100,1
-0.0122194120,0.0110137770,0.0092815810,0.0215592010,-0.0067070980,0.0032409970,0.0057799770,0
-0.0189790790,-0.0317298660,-0.0319380960,-0.0149924120,-0.0214672830,-0.0354582680,-0.0110495220,0
0.0011088520,0.0016843140,-0.0000760066,-0.0219109200,-0.0086476410,-0.0005523800,-0.0137535470,1
-0.0142977270,0.0145647820,0.0084770320,0.0006719280,-0.0327415730,0.0137399550,-0.0024190640,1
-0.0448991890,-0.0479224350,-0.0451311610,-0.0209478900,-0.0445160160,-0.0464205520,-0.0363747270,0
0.0149126550,-0.0066050630,-0.0020126290,-0.0248079200,0.0349040510,-0.0008335350,0.0011243900,0
-0.0129921230,-0.0040515980,0.0013224770,-0.0026751360,-0.0057250480,-0.0019389180,0.0051101200,1
0.0003538700,-0.0236405760,-0.0257548970,-0.0310676970,-0.0122756560,-0.0264483670,-0.0275902930,0
-0.0056770060,0.0153974930,0.0195220050,0.0066134660,0.0168549900,0.0193456180,0.0215619900,1
0.0323472130,0.0306338700,0.0307060950,0.0122178410,0.0311109310,0.0298568590,0.0171842190,1
-0.0124518710,0.0015214610,-0.0013097580,0.0127056190,-0.0023379750,-0.0008671790,0.0071759840,1
-0.0173142850,0.0030477310,-0.0048494550,0.0005857150,0.0176012990,-0.0003169870,0.0113250810,0
0.0000000000,0.0028361930,0.0000000000,-0.0058386670,-0.0193139050,-0.0024351590,-0.0158822220,1
0.0255143870,-0.0000117033,-0.0023268000,-0.0112441890,0.0176629800,0.0005557760,0.0034443050,1
0.0040432360,0.0122020520,0.0115610460,0.0318665230,-0.0203346790,0.0123106780,0.0114553990,1
-0.0350174870,-0.0193027050,-0.0164845280,-0.0013121120,0.0000000000,-0.0216910710,-0.0062334920,0
-0.0136244340,-0.0057295810,-0.0111623410,-0.0391760730,-0.0080255030,-0.0094701850,-0.0159683810,0
0.0109162400,-0.0061833980,-0.0081211080,0.0017986500,0.0109397300,-0.0081248690,0.0007236290,0
-0.0059593410,0.0196069820,0.0114298260,-0.0104137140,-0.0061134500,0.0159014750,0.0017334000,1
0.0290798220,0.0119323680,0.0091208650,0.0109074100,0.0252165490,0.0151739350,0.0100204540,1
0.0043701070,-0.0014474050,0.0060605070,0.0168957520,0.0087798820,0.0070702730,0.0087738700,1
-0.0018063210,0.0126792260,0.0074090130,0.0178303530,-0.0011326280,0.0118634800,0.0078778990,1
0.0232224730,0.0081382230,0.0030134670,0.0008134470,0.0142061390,0.0065939240,0.0071884070,1
-0.0005560940,0.0025651080,0.0038447980,0.0179668720,0.0047835500,0.0009890270,0.0033326110,0
0.0012821380,0.0052567890,0.0030500030,-0.0067525570,-0.0032484640,0.0024650870,0.0026063710,1
0.0013162900,-0.0010546180,-0.0005902120,-0.0004381220,-0.0015971600,0.0022119300,0.0021347840,1
-0.0038642450,0.0121488790,0.0091565490,0.0240202960,0.0060495130,0.0099561130,0.0173269390,1
-0.0162013220,-0.0038099040,-0.0098805100,-0.0122964170,-0.0002776920,-0.0079609630,-0.0069127940,0
-0.0029899220,-0.0103451740,-0.0131410460,-0.0188850120,0.0053704420,-0.0131762450,-0.0020683450,0
-0.0169461930,-0.0144547970,-0.0152356840,0.0004674580,-0.0189475600,-0.0178007340,-0.0067167060,1
0.0028552180,-0.0073658150,-0.0105848210,-0.0194109370,0.0137776820,-0.0079535170,-0.0023107320,0
-0.0020359510,0.0141679300,0.0049811330,-0.0044814090,-0.0092833620,0.0091249200,0.0005397100,1
-0.0315082710,-0.0338930390,-0.0315470940,-0.0127977350,-0.0356130600,-0.0349029850,-0.0210328860,0
-0.0101644250,0.0022638890,0.0005492770,-0.0198420400,-0.0169553500,0.0022019340,-0.0069621820,0
-0.0032457460,-0.0182852860,-0.0228547290,-0.0205711500,0.0049111190,-0.0224016980,-0.0068196750,0
-0.0046732930,-0.0039823580,0.0066985600,0.0013166400,0.0031630630,0.0035605790,0.0005139170,1
0.0053446860,-0.0030814550,-0.0030222760,0.0068292990,-0.0092400180,-0.0037385930,-0.0009269740,1
0.0000000000,0.0212269750,0.0289134920,0.0076604180,0.0195239260,0.0263628640,0.0155869430,1
0.0308500620,0.0086946580,0.0099802430,-0.0062725500,0.0194503100,0.0129382150,0.0009869790,1
0.0093686730,0.0071164500,0.0179248500,0.0272230140,0.0030293490,0.0122327750,0.0075051030,1
0.0071781000,0.0048889020,0.0053524120,0.0051859170,-0.0081622780,0.0059062620,0.0086059120,0
0.0007325970,0.0019683050,0.0066214480,-0.0038895320,0.0000000000,0.0039203990,0.0022280340,1
0.0152618540,0.0185752040,0.0199278490,-0.0011401420,0.0114651540,0.0188084950,0.0039105110,1
-0.0001552150,0.0030046250,-0.0033255770,0.0266934660,-0.0032556160,-0.0000734394,0.0036162720,1
0.0011954460,-0.0097742360,-0.0080651760,-0.0112635340,0.0001575200,-0.0092170970,-0.0048701610,0
-0.0292429320,-0.0178992980,-0.0101059660,-0.0290343630,-0.0182794290,-0.0156748850,-0.0064727790,1
0.0059640740,-0.0051720620,-0.0020568150,-0.0115347940,0.0152507020,-0.0033996100,0.0001050520,1
0.0113518920,-0.0069502480,-0.0017107650,0.0000000000,0.0182534810,-0.0032027570,0.0071966940,1
-0.0129026860,0.0038284460,0.0145065850,-0.0023284000,0.0002171550,0.0094453430,0.0088801240,1
0.0222636160,0.0250199950,0.0188448270,-0.0062649840,0.0195206810,0.0215108980,0.0061886300,1
0.0081864290,0.0039306250,-0.0002258530,0.0225274170,0.0087074930,0.0009410400,0.0073364150,0
0.0111379310,0.0045095160,0.0072207900,0.0076790930,0.0018076920,0.0065024300,0.0023044610,1
-0.0010498690,0.0021126450,0.0027246960,-0.0007168230,0.0034706350,0.0055024920,0.0020069690,1
-0.0069460680,-0.0045808940,-0.0086099320,0.0266424490,0.0020077620,-0.0045547650,0.0007724170,1
-0.0041673140,-0.0071855590,-0.0010720630,-0.0058871210,0.0021829830,-0.0032076690,0.0014322710,1
0.0000635460,0.0021607690,-0.0105941210,-0.0165050650,0.0083439790,-0.0061659080,-0.0032949770,0
0.0217835200,0.0231777000,0.0261110460,0.0034551710,0.0147320940,0.0251948280,0.0157492150,1
-0.0048078730,0.0025047550,-0.0001111770,0.0128425710,-0.0076183030,0.0005010440,-0.0024982590,0
0.0060328520,0.0037059230,-0.0019104680,-0.0213391060,0.0040361400,0.0007694520,0.0015739900,0
-0.0012693910,0.0003553120,-0.0037946470,0.0171949870,0.0020485210,-0.0019610770,-0.0006400490,0
-0.0037108770,-0.0117445590,-0.0062440610,-0.0012230490,-0.0046444590,-0.0101996940,-0.0018461390,1
0.0054680660,0.0145856720,0.0145400920,-0.0072476420,-0.0034275580,0.0133679480,0.0036115270,1
-0.0059852990,-0.0103420410,-0.0063225050,-0.0022422640,-0.0094607800,-0.0077525020,-0.0099664020,0
-0.0285833270,-0.0212510570,-0.0247056330,-0.0274058090,-0.0215476000,-0.0249101850,-0.0141130800,0
-0.0053932800,-0.0030758640,0.0039766780,-0.0086742600,0.0026716070,0.0004323490,-0.0053188780,1
-0.0040317040,-0.0040439140,0.0017644550,0.0044265090,0.0045073060,-0.0002087610,0.0047252680,1
0.0001204470,0.0000261845,0.0001326830,-0.0061560740,0.0065881740,-0.0006903290,0.0032664430,1
0.0121184580,0.0155609590,0.0140028260,-0.0038118940,0.0131363310,0.0142318980,0.0048058490,1
0.0014816850,-0.0032422320,-0.0089361740,0.0085707580,0.0007986870,-0.0044382790,0.0001305770,0
-0.0170804090,-0.0181353980,-0.0174244960,0.0131312490,-0.0111653270,-0.0165594210,0.0011387500,0
-0.0036696950,-0.0115842890,-0.0030749740,-0.0197719100,-0.0031445630,-0.0098761820,-0.0024962440,0
-0.0040485320,0.0009570520,0.0075742680,-0.0068528650,-0.0104780880,0.0056660190,-0.0014684600,1
-0.0146187770,-0.0126349900,-0.0151675540,-0.0134223680,-0.0125975830,-0.0153701750,-0.0097305800,0
0.0032839820,-0.0060735600,-0.0090791050,-0.0167880120,-0.0054324960,-0.0093287470,-0.0096624370,0
-0.0077144800,0.0022146830,0.0090403140,0.0068826820,-0.0145491030,0.0084095640,-0.0007553760,1
0.0164507150,0.0065055550,0.0088439760,0.0094516490,0.0265442150,0.0083375480,0.0050807610,1
-0.0144378830,-0.0043700220,0.0045268040,-0.0187486690,-0.0067314570,0.0003758350,0.0020054100,1
0.0290776580,0.0264281210,0.0266642180,0.0116005510,0.0291660240,0.0289449950,0.0144046590,1
0.0090399120,-0.0000082185,0.0008568180,0.0150999040,-0.0039587450,0.0007773590,0.0036541030,1
0.0131323630,0.0083104170,0.0105750540,0.0056434200,-0.0019327730,0.0095024520,0.0050497740,1
-0.0115374510,0.0033231220,0.0020428260,0.0203303690,0.0010192920,0.0026506180,0.0073140740,1
0.0000000000,-0.0060539930,-0.0057896350,-0.0081307400,-0.0051068800,-0.0077609310,-0.0018965650,0
0.0064180330,0.0075800310,0.0040415280,-0.0220714030,0.0000000000,0.0061800870,-0.0036414650,0
0.0207412970,0.0156512230,0.0247029440,0.0324037070,0.0241610110,0.0203957960,0.0224185090,1
-0.0007133300,0.0021903020,0.0003413310,-0.0024176850,-0.0049954790,0.0004846930,0.0001657750,1
0.0035349100,-0.0021599590,-0.0021217310,0.0230932350,0.0061119930,-0.0032911330,0.0033231940,1
-0.0003644880,-0.0019534000,-0.0027938770,-0.0007421400,-0.0065404960,-0.0033858270,-0.0048825820,1
0.0008265750,-0.0064032140,-0.0057201970,0.0121858220,-0.0085194060,-0.0051196050,0.0031067360,1
0.0150952920,0.0135666980,0.0169205730,-0.0024942550,0.0162778300,0.0145107540,0.0067711260,1
-0.0025673730,-0.0029592980,-0.0047053860,0.0000000000,-0.0069311360,-0.0026362340,0.0007919610,0
-0.0048371730,-0.0108377090,-0.0043673290,-0.0037342690,0.0089089410,-0.0095403560,0.0003181690,1
-0.0083661750,-0.0038118220,-0.0008649430,-0.0099433580,0.0068408000,-0.0041878240,-0.0002378890,0
0.0209728380,0.0181996390,0.0092234360,0.0000000000,-0.0087306200,0.0136059310,0.0013771450,1
-0.0056835450,-0.0030865420,-0.0044934240,0.0137848900,0.0090503640,-0.0046539070,0.0055335770,1
0.0048387330,-0.0004460380,0.0008967160,-0.0112447450,0.0059691290,0.0001299390,-0.0009657900,1
-0.0025911380,-0.0046586330,-0.0016326240,0.0066774880,0.0000000000,-0.0037232900,0.0061452590,0
-0.0030884610,-0.0028695250,-0.0037237290,-0.0200791480,0.0029136460,-0.0020521230,0.0035122100,1
0.0044066800,-0.0028423630,0.0079522930,0.0037158650,0.0114422800,-0.0000563922,0.0051749240,0
-0.0080674210,-0.0124953530,-0.0066195110,-0.0024668250,0.0022188410,-0.0084192210,0.0049254640,1
0.0206467480,0.0132179630,0.0142606820,0.0145718250,0.0126776980,0.0157707690,0.0034817820,1
-0.0006722050,0.0087935110,0.0080585740,0.0179774020,-0.0104637690,0.0073649360,0.0049542630,1
-0.0016479510,0.0008798930,-0.0034028330,-0.0006833110,-0.0088709740,0.0000776185,-0.0052921310,0
0.0061036430,0.0024538680,-0.0007950740,-0.0099545850,0.0126629840,-0.0007155530,0.0009774970,1
0.0001458930,0.0028314830,0.0026125350,-0.0211036460,0.0019329130,0.0030237130,0.0032263810,1
0.0038114210,-0.0007832520,-0.0019057710,0.0000000000,0.0102229870,-0.0028119050,-0.0040851440,1
0.0070958230,0.0204024790,0.0150410410,0.0015825760,0.0000000000,0.0169232410,0.0118022460,1
-0.0036481030,0.0032196050,-0.0035208240,0.0189608890,0.0002371540,-0.0026184640,0.0050348550,0
0.0020255330,0.0057200080,-0.0041642670,-0.0087257990,0.0019230510,-0.0008511300,-0.0031618030,1
0.0072176180,0.0037405120,0.0068321670,-0.0001852750,-0.0013095020,0.0038269940,-0.0052279740,1
-0.0160046980,-0.0039885290,-0.0067445040,0.0043029930,-0.0264422190,-0.0047529200,-0.0060337200,0
0.0104690660,0.0052031430,0.0043733890,-0.0166855080,0.0077137880,0.0043816380,0.0004423750,0
0.0017723660,0.0131644560,0.0050492850,-0.0005458980,-0.0107528690,0.0085048070,0.0049848670,1
0.0023864540,-0.0007823350,-0.0028697420,0.0053427230,-0.0017531010,-0.0025109100,0.0000892462,1
0.0021446370,0.0050388740,0.0018445370,-0.0027140630,0.0007188560,0.0024971450,0.0068811870,0
0.0000168687,-0.0038346050,-0.0078015630,-0.0025326800,0.0165340140,-0.0062403090,0.0028301170,0
-0.0026941560,-0.0069490030,-0.0107987270,0.0010285430,-0.0024202290,-0.0077580500,-0.0101518470,0
0.0016308740,0.0055963700,0.0085710280,-0.0250593560,0.0139592780,0.0042397550,0.0142535510,1
0.0077293850,0.0074590230,0.0109676270,0.0005744020,0.0047955710,0.0079554970,0.0004655160,0
0.0036712940,-0.0055017770,-0.0014600570,0.0214709450,0.0000000000,-0.0054263110,0.0059921720,1
0.0190992240,0.0175087920,0.0196013790,0.0000000000,0.0150588420,0.0164190170,0.0107367610,1
0.0039151470,0.0028927530,0.0021468380,0.0281517920,-0.0053433090,-0.0011284110,0.0041655550,0
-0.0021232300,-0.0005479570,-0.0043324820,0.0110472220,0.0006884020,-0.0021374890,0.0031281960,1
-0.0080849150,0.0055117800,0.0042984410,-0.0039562710,-0.0135519200,0.0058114440,-0.0016442940,1
0.0043665860,-0.0100640120,-0.0099726280,0.0139341490,-0.0005721580,-0.0105709650,-0.0022212120,0
-0.0042512140,0.0005311220,-0.0002922950,0.0031423990,-0.0062030680,-0.0034190010,-0.0076525580,0
-0.0118787010,0.0016644350,-0.0031518870,-0.0139538790,-0.0116981880,-0.0026168970,-0.0113773150,0
-0.0012182100,0.0082160760,0.0040456960,0.0105052440,-0.0104858100,0.0069721030,-0.0014390760,1
0.0000751381,0.0046840350,-0.0242769200,0.0288526590,0.0000000000,-0.0137624760,-0.0018275090,0
-0.0143870440,-0.0173064960,-0.0176703440,-0.0084466850,-0.0244223030,-0.0200064610,-0.0152999890,0
0.0148127190,0.0175629850,0.0134896690,0.0000000000,0.0243648570,0.0102189590,0.0055902220,1
-0.0074966320,0.0081527310,0.0073617800,0.0049378840,-0.0038419800,0.0056567740,0.0003668970,0
0.0000000000,-0.0044694960,-0.0053133590,-0.0039961640,-0.0165134430,-0.0058229110,-0.0090881370,0
-0.0013797980,-0.0222952410,-0.0209817230,0.0085720970,-0.0046718760,-0.0201189270,0.0005431720,0
-0.0060887490,-0.0014163570,-0.0040977380,-0.0188361960,-0.0029938160,-0.0055136050,-0.0049979130,1
0.0213867080,0.0262853090,0.0204468760,0.0051201890,0.0239484340,0.0224168740,0.0154635950,1
0.0127370320,0.0131625770,0.0219288200,0.0179072950,0.0026067000,0.0190004690,0.0116476980,1
0.0025999100,-0.0014224760,-0.0038739200,0.0009632950,0.0034316190,-0.0013586380,0.0021337190,0
-0.0012991100,0.0009581290,0.0043419430,-0.0010901650,-0.0030721110,-0.0001845850,0.0029512060,1
0.0005149440,0.0068112920,0.0065982900,-0.0025733300,-0.0030815780,0.0081352240,0.0010685240,1
0.0036949020,-0.0037259180,-0.0024131700,0.0089558420,-0.0169151680,0.0015693530,-0.0076495490,0
0.0038354070,-0.0016800540,0.0023270860,0.0052197650,-0.0043512200,0.0023070340,0.0009682070,0
0.0059836840,0.0060141920,0.0008605110,-0.0072134780,0.0067978030,0.0006814040,-0.0008922360,0
0.0000483703,0.0033087420,0.0081893240,0.0079919120,0.0114064150,0.0056873240,0.0051501310,1
0.0009105380,-0.0002831370,0.0051735990,0.0022202110,-0.0055560130,0.0029448450,0.0029709050,1
-0.0051356290,-0.0015708040,-0.0015288700,-0.0006777670,-0.0127808020,-0.0030665290,-0.0054336990,0
0.0061660340,0.0011438120,-0.0001870220,0.0001464520,-0.0083447250,0.0005708540,-0.0052807880,0
0.0008364230,-0.0059899440,-0.0015825880,-0.0007237410,0.0099788690,-0.0035725540,0.0036264230,0
0.0025451740,0.0051639100,0.0033663770,-0.0085204200,-0.0106030790,0.0037375390,-0.0035649930,0
0.0060119780,0.0084262010,0.0101660870,0.0149728790,0.0140393070,0.0105566700,0.0094688990,1
0.0033738650,-0.0014237330,0.0053119860,-0.0023217650,0.0037458160,0.0011310940,0.0013269800,1
-0.0016457240,-0.0014484330,0.0021035770,-0.0065249020,0.0002190470,0.0008880000,-0.0002079370,1
0.0006124940,-0.0123978490,0.0021324460,0.0000000000,-0.0100229030,0.0001830470,-0.0024748510,1
0.0000000000,0.0000000000,-0.0020824140,0.0074436330,0.0000000000,-0.0058606650,-0.0024166890,1
0.0007710500,0.0001965170,0.0000000000,-0.0061369910,0.0035040230,0.0002085750,-0.0001955270,1
0.0010086210,0.0033463260,0.0000000000,0.0050307390,0.0133001460,0.0019232580,0.0078614660,1
-0.0015093380,-0.0116869750,-0.0042448720,-0.0112398420,0.0051064430,-0.0091907100,0.0033135800,1
-0.0001908150,0.0000000000,-0.0119790160,0.0164040950,0.0094351840,-0.0061578610,0.0027893870,0
0.0112513100,0.0108675380,0.0191380550,0.0000000000,0.0000000000,0.0096329300,0.0081676700,1
-0.0013138900,-0.0020608540,0.0000000000,0.0000000000,0.0050755740,0.0065765340,0.0042387550,1
0.0049945920,-0.0051066680,0.0049760420,-0.0016680410,0.0109329350,-0.0005482910,-0.0011801170,1
-0.0021251490,0.0059722000,-0.0040453000,0.0142504780,-0.0072280970,-0.0006202430,-0.0026460260,1
-0.0018465050,-0.0048172170,-0.0058648260,0.0010706760,-0.0074234530,-0.0054613970,-0.0068197100,0
-0.0013772750,-0.0131520410,-0.0046898900,-0.0028843270,0.0009986880,-0.0098457090,-0.0067086800,0
0.0037182220,0.0122491950,0.0096406020,0.0000000000,0.0042120300,0.0126380360,0.0047726140,0
0.0089672690,0.0181599310,0.0060838830,0.0002016790,0.0170359470,0.0143967310,0.0118722280,1
-0.0017122490,0.0008950860,-0.0044390780,0.0072939340,-0.0128133030,-0.0003674890,-0.0021093220,1
0.0073574260,0.0000833875,-0.0036254820,-0.0086036720,0.0030918910,-0.0007612390,0.0002376200,0
0.0013754420,0.0003334800,-0.0027361170,0.0003637770,-0.0046768340,-0.0021467610,-0.0045367070,0
0.0000000000,0.0091959940,0.0117422730,0.0015336430,0.0043948660,0.0109947850,0.0024058770,0
-0.0101671850,-0.0085321910,-0.0132469880,0.0036173750,-0.0122290110,-0.0106446100,0.0010857680,1
-0.0012957720,-0.0082923670,-0.0183717580,-0.0114117330,-0.0071050290,-0.0100878790,-0.0104420220,0
0.0024106640,0.0054164740,0.0048282170,-0.0157198420,-0.0061862560,0.0083960400,-0.0068535210,1
0.0058193230,0.0007572440,0.0080404480,0.0068469000,0.0042436550,0.0041579790,-0.0011447550,0
0.0002633600,-0.0012401980,-0.0044176240,0.0114669870,-0.0103956460,-0.0040441520,-0.0008854890,0
0.0042120620,0.0096346810,0.0086650550,-0.0059924500,0.0000000000,0.0070969010,0.0050185250,1
0.0022417650,0.0039529760,-0.0006870950,0.0073523260,-0.0096227710,0.0019194200,-0.0011489030,0
-0.0180137490,-0.0074033990,-0.0141309910,-0.0113557530,-0.0200824570,-0.0104778040,-0.0099119190,0
0.0076333270,-0.0035711600,-0.0031504670,-0.0118865810,-0.0018458360,-0.0026495110,-0.0057887190,1
0.0165558140,0.0149760020,0.0160569240,0.0035666230,0.0189260380,0.0150885860,0.0062238650,1
-0.0027262790,-0.0000835193,0.0070748500,0.0176409390,-0.0172301430,0.0016178240,0.0036313220,1
0.0023514730,0.0013924680,-0.0028038810,-0.0024893830,0.0011539640,-0.0028834680,0.0004760550,0
0.0028800960,0.0031270220,0.0023537870,0.0106948000,-0.0226618000,0.0027611480,-0.0031849350,1
0.0062207420,0.0092981070,0.0088975060,0.0045913220,0.0014238580,0.0082166780,-0.0033457200,0
0.0041760980,0.0054248620,0.0066379760,0.0041398170,0.0062379620,0.0039802830,-0.0044989940,1
-0.0027896970,-0.0003195820,-0.0064231590,-0.0017079290,-0.0238954660,-0.0030240610,-0.0142485550,1
0.0007492200,0.0026437180,-0.0053511060,-0.0011477860,0.0055902500,-0.0037424230,-0.0147596320,0
0.0054922390,0.0042035260,0.0071009740,0.0112409350,0.0180771260,0.0047271870,0.0039308820,1
0.0023821430,0.0034439760,-0.0004619320,0.0000000000,0.0121228260,0.0001685320,0.0134480540,0
-0.0032402020,0.0004609150,-0.0038025370,0.0019681260,-0.0032656410,-0.0005498800,-0.0014304470,1
0.0062379860,0.0019251620,0.0079522630,0.0057174930,0.0183707900,0.0069746090,0.0030389860,1
0.0030708910,-0.0011862500,0.0003450340,0.0026195530,0.0016856930,-0.0005805150,0.0010385850,1
0.0019229060,0.0028721080,-0.0007230660,0.0005682800,0.0056279250,0.0005715740,0.0069378730,1
-0.0207421530,-0.0142388610,-0.0112748970,0.0013575830,-0.0119416760,-0.0126153290,-0.0009577360,0
0.0000000000,-0.0004726720,-0.0029971050,-0.0179196260,-0.0122515540,-0.0054648940,-0.0142969310,0
-0.010164425,0.002263889,0.000549277,-0.01984204,-0.01695535,0.002201934,-0.006962182,0
-0.003245746,-0.018285286,-0.022854729,-0.02057115,0.004911119,-0.022401698,-0.006819675,0
-0.004673293,-0.003982358,0.00669856,0.00131664,0.003163063,0.003560579,0.000513917,1
0.005344686,-0.003081455,-0.003022276,0.006829299,-0.009240018,-0.003738593,-0.000926974,1
0,0.021226975,0.028913492,0.007660418,0.019523926,0.026362864,0.015586943,1
0.030850062,0.008694658,0.009980243,-0.00627255,0.01945031,0.012938215,0.000986979,1
0.009368673,0.00711645,0.01792485,0.027223014,0.003029349,0.012232775,0.007505103,1
0.0071781,0.004888902,0.005352412,0.005185917,-0.008162278,0.005906262,0.008605912,0
0.000732597,0.001968305,0.006621448,-0.003889532,0,0.003920399,0.002228034,1
0.015261854,0.018575204,0.019927849,-0.001140142,0.011465154,0.018808495,0.003910511,1
-0.000155215,0.003004625,-0.003325577,0.026693466,-0.003255616,-7.34E-05,0.003616272,1
0.001195446,-0.009774236,-0.008065176,-0.011263534,0.00015752,-0.009217097,-0.004870161,0
-0.029242932,-0.017899298,-0.010105966,-0.029034363,-0.018279429,-0.015674885,-0.006472779,1
0.005964074,-0.005172062,-0.002056815,-0.011534794,0.015250702,-0.00339961,0.000105052,1
0.011351892,-0.006950248,-0.001710765,0,0.018253481,-0.003202757,0.007196694,1
-0.012902686,0.003828446,0.014506585,-0.0023284,0.000217155,0.009445343,0.008880124,1
0.022263616,0.025019995,0.018844827,-0.006264984,0.019520681,0.021510898,0.00618863,1
0.008186429,0.003930625,-0.000225853,0.022527417,0.008707493,0.00094104,0.007336415,0
0.011137931,0.004509516,0.00722079,0.007679093,0.001807692,0.00650243,0.002304461,1
-0.001049869,0.002112645,0.002724696,-0.000716823,0.003470635,0.005502492,0.002006969,1
-0.006946068,-0.004580894,-0.008609932,0.026642449,0.002007762,-0.004554765,0.000772417,1
-0.004167314,-0.007185559,-0.001072063,-0.005887121,0.002182983,-0.003207669,0.001432271,1
6.35E-05,0.002160769,-0.010594121,-0.016505065,0.008343979,-0.006165908,-0.003294977,0
0.02178352,0.0231777,0.026111046,0.003455171,0.014732094,0.025194828,0.015749215,1
-0.004807873,0.002504755,-0.000111177,0.012842571,-0.007618303,0.000501044,-0.002498259,0
0.006032852,0.003705923,-0.001910468,-0.021339106,0.00403614,0.000769452,0.00157399,0
-0.001269391,0.000355312,-0.003794647,0.017194987,0.002048521,-0.001961077,-0.000640049,0
-0.003710877,-0.011744559,-0.006244061,-0.001223049,-0.004644459,-0.010199694,-0.001846139,1
0.005468066,0.014585672,0.014540092,-0.007247642,-0.003427558,0.013367948,0.003611527,1
-0.005985299,-0.010342041,-0.006322505,-0.002242264,-0.00946078,-0.007752502,-0.009966402,0
-0.028583327,-0.021251057,-0.024705633,-0.027405809,-0.0215476,-0.024910185,-0.01411308,0
-0.00539328,-0.003075864,0.003976678,-0.00867426,0.002671607,0.000432349,-0.005318878,1
-0.004031704,-0.004043914,0.001764455,0.004426509,0.004507306,-0.000208761,0.004725268,1
0.000120447,2.62E-05,0.000132683,-0.006156074,0.006588174,-0.000690329,0.003266443,1
0.012118458,0.015560959,0.014002826,-0.003811894,0.013136331,0.014231898,0.004805849,1
0.001481685,-0.003242232,-0.008936174,0.008570758,0.000798687,-0.004438279,0.000130577,0
-0.017080409,-0.018135398,-0.017424496,0.013131249,-0.011165327,-0.016559421,0.00113875,0
-0.003669695,-0.011584289,-0.003074974,-0.01977191,-0.003144563,-0.009876182,-0.002496244,0
-0.004048532,0.000957052,0.007574268,-0.006852865,-0.010478088,0.005666019,-0.00146846,1
-0.014618777,-0.01263499,-0.015167554,-0.013422368,-0.012597583,-0.015370175,-0.00973058,0
0.003283982,-0.00607356,-0.009079105,-0.016788012,-0.005432496,-0.009328747,-0.009662437,0
-0.00771448,0.002214683,0.009040314,0.006882682,-0.014549103,0.008409564,-0.000755376,1
0.016450715,0.006505555,0.008843976,0.009451649,0.026544215,0.008337548,0.005080761,1
-0.014437883,-0.004370022,0.004526804,-0.018748669,-0.006731457,0.000375835,0.00200541,1
0.029077658,0.026428121,0.026664218,0.011600551,0.029166024,0.028944995,0.014404659,1
0.009039912,-8.22E-06,0.000856818,0.015099904,-0.003958745,0.000777359,0.003654103,1
0.013132363,0.008310417,0.010575054,0.00564342,-0.001932773,0.009502452,0.005049774,1
-0.011537451,0.003323122,0.002042826,0.020330369,0.001019292,0.002650618,0.007314074,1
0,-0.006053993,-0.005789635,-0.00813074,-0.00510688,-0.007760931,-0.001896565,0
0.006418033,0.007580031,0.004041528,-0.022071403,0,0.006180087,-0.003641465,0
0.020741297,0.015651223,0.024702944,0.032403707,0.024161011,0.020395796,0.022418509,1
-0.00071333,0.002190302,0.000341331,-0.002417685,-0.004995479,0.000484693,0.000165775,1
0.00353491,-0.002159959,-0.002121731,0.023093235,0.006111993,-0.003291133,0.003323194,1
-0.000364488,-0.0019534,-0.002793877,-0.00074214,-0.006540496,-0.003385827,-0.004882582,1
0.000826575,-0.006403214,-0.005720197,0.012185822,-0.008519406,-0.005119605,0.003106736,1
0.015095292,0.013566698,0.016920573,-0.002494255,0.01627783,0.014510754,0.006771126,1
-0.002567373,-0.002959298,-0.004705386,0,-0.006931136,-0.002636234,0.000791961,0
-0.004837173,-0.010837709,-0.004367329,-0.003734269,0.008908941,-0.009540356,0.000318169,1
-0.008366175,-0.003811822,-0.000864943,-0.009943358,0.0068408,-0.004187824,-0.000237889,0
0.020972838,0.018199639,0.009223436,0,-0.00873062,0.013605931,0.001377145,1
-0.005683545,-0.003086542,-0.004493424,0.01378489,0.009050364,-0.004653907,0.005533577,1
0.004838733,-0.000446038,0.000896716,-0.011244745,0.005969129,0.000129939,-0.00096579,1
-0.002591138,-0.004658633,-0.001632624,0.006677488,0,-0.00372329,0.006145259,0
-0.003088461,-0.002869525,-0.003723729,-0.020079148,0.002913646,-0.002052123,0.00351221,1
0.00440668,-0.002842363,0.007952293,0.003715865,0.01144228,-5.64E-05,0.005174924,0
-0.008067421,-0.012495353,-0.006619511,-0.002466825,0.002218841,-0.008419221,0.004925464,1
0.020646748,0.013217963,0.014260682,0.014571825,0.012677698,0.015770769,0.003481782,1
-0.000672205,0.008793511,0.008058574,0.017977402,-0.010463769,0.007364936,0.004954263,1
-0.001647951,0.000879893,-0.003402833,-0.000683311,-0.008870974,7.76E-05,-0.005292131,0
0.006103643,0.002453868,-0.000795074,-0.009954585,0.012662984,-0.000715553,0.000977497,1
0.000145893,0.002831483,0.002612535,-0.021103646,0.001932913,0.003023713,0.003226381,1
0.003811421,-0.000783252,-0.001905771,0,0.010222987,-0.002811905,-0.004085144,1
0.007095823,0.020402479,0.015041041,0.001582576,0,0.016923241,0.011802246,1
-0.003648103,0.003219605,-0.003520824,0.018960889,0.000237154,-0.002618464,0.005034855,0
0.002025533,0.005720008,-0.004164267,-0.008725799,0.001923051,-0.00085113,-0.003161803,1
0.007217618,0.003740512,0.006832167,-0.000185275,-0.001309502,0.003826994,-0.005227974,1
-0.016004698,-0.003988529,-0.006744504,0.004302993,-0.026442219,-0.00475292,-0.00603372,0
0.010469066,0.005203143,0.004373389,-0.016685508,0.007713788,0.004381638,0.000442375,0
0.001772366,0.013164456,0.005049285,-0.000545898,-0.010752869,0.008504807,0.004984867,1
0.002386454,-0.000782335,-0.002869742,0.005342723,-0.001753101,-0.00251091,8.92E-05,1
0.002144637,0.005038874,0.001844537,-0.002714063,0.000718856,0.002497145,0.006881187,0
1.69E-05,-0.003834605,-0.007801563,-0.00253268,0.016534014,-0.006240309,0.002830117,0
-0.002694156,-0.006949003,-0.010798727,0.001028543,-0.002420229,-0.00775805,-0.010151847,0
0.001630874,0.00559637,0.008571028,-0.025059356,0.013959278,0.004239755,0.014253551,1
0.007729385,0.007459023,0.010967627,0.000574402,0.004795571,0.007955497,0.000465516,0
0.003671294,-0.005501777,-0.001460057,0.021470945,0,-0.005426311,0.005992172,1
0.019099224,0.017508792,0.019601379,0,0.015058842,0.016419017,0.010736761,1
0.003915147,0.002892753,0.002146838,0.028151792,-0.005343309,-0.001128411,0.004165555,0
-0.00212323,-0.000547957,-0.004332482,0.011047222,0.000688402,-0.002137489,0.003128196,1
-0.008084915,0.00551178,0.004298441,-0.003956271,-0.01355192,0.005811444,-0.001644294,1
0.004366586,-0.010064012,-0.009972628,0.013934149,-0.000572158,-0.010570965,-0.002221212,0
-0.004251214,0.000531122,-0.000292295,0.003142399,-0.006203068,-0.003419001,-0.007652558,0
-0.011878701,0.001664435,-0.003151887,-0.013953879,-0.011698188,-0.002616897,-0.011377315,0
-0.00121821,0.008216076,0.004045696,0.010505244,-0.01048581,0.006972103,-0.001439076,1
7.51E-05,0.004684035,-0.02427692,0.028852659,0,-0.013762476,-0.001827509,0
-0.014387044,-0.017306496,-0.017670344,-0.008446685,-0.024422303,-0.020006461,-0.015299989,0
0.014812719,0.017562985,0.013489669,0,0.024364857,0.010218959,0.005590222,1
-0.007496632,0.008152731,0.00736178,0.004937884,-0.00384198,0.005656774,0.000366897,0
0,-0.004469496,-0.005313359,-0.003996164,-0.016513443,-0.005822911,-0.009088137,0
-0.001379798,-0.022295241,-0.020981723,0.008572097,-0.004671876,-0.020118927,0.000543172,0
-0.006088749,-0.001416357,-0.004097738,-0.018836196,-0.002993816,-0.005513605,-0.004997913,1
0.021386708,0.026285309,0.020446876,0.005120189,0.023948434,0.022416874,0.015463595,1
0.012737032,0.013162577,0.02192882,0.017907295,0.0026067,0.019000469,0.011647698,1
0.00259991,-0.001422476,-0.00387392,0.000963295,0.003431619,-0.001358638,0.002133719,0
-0.00129911,0.000958129,0.004341943,-0.001090165,-0.003072111,-0.000184585,0.002951206,1
0.000514944,0.006811292,0.00659829,-0.00257333,-0.003081578,0.008135224,0.001068524,1
0.003694902,-0.003725918,-0.00241317,0.008955842,-0.016915168,0.001569353,-0.007649549,0
0.003835407,-0.001680054,0.002327086,0.005219765,-0.00435122,0.002307034,0.000968207,0
0.005983684,0.006014192,0.000860511,-0.007213478,0.006797803,0.000681404,-0.000892236,0
4.84E-05,0.003308742,0.008189324,0.007991912,0.011406415,0.005687324,0.005150131,1
0.000910538,-0.000283137,0.005173599,0.002220211,-0.005556013,0.002944845,0.002970905,1
-0.005135629,-0.001570804,-0.00152887,-0.000677767,-0.012780802,-0.003066529,-0.005433699,0
0.006166034,0.001143812,-0.000187022,0.000146452,-0.008344725,0.000570854,-0.005280788,0
0.000836423,-0.005989944,-0.001582588,-0.000723741,0.009978869,-0.003572554,0.003626423,0
0.002545174,0.00516391,0.003366377,-0.00852042,-0.010603079,0.003737539,-0.003564993,0
0.006011978,0.008426201,0.010166087,0.014972879,0.014039307,0.01055667,0.009468899,1
0.003373865,-0.001423733,0.005311986,-0.002321765,0.003745816,0.001131094,0.00132698,1
-0.001645724,-0.001448433,0.002103577,-0.006524902,0.000219047,0.000888,-0.000207937,1
0.000612494,-0.012397849,0.002132446,0,-0.010022903,0.000183047,-0.002474851,1
0,0,-0.002082414,0.007443633,0,-0.005860665,-0.002416689,1
0.00077105,0.000196517,0,-0.006136991,0.003504023,0.000208575,-0.000195527,1
0.001008621,0.003346326,0,0.005030739,0.013300146,0.001923258,0.007861466,1
-0.001509338,-0.011686975,-0.004244872,-0.011239842,0.005106443,-0.00919071,0.00331358,1
-0.000190815,0,-0.011979016,0.016404095,0.009435184,-0.006157861,0.002789387,0
0.01125131,0.010867538,0.019138055,0,0,0.00963293,0.00816767,1
-0.00131389,-0.002060854,0,0,0.005075574,0.006576534,0.004238755,1
0.004994592,-0.005106668,0.004976042,-0.001668041,0.010932935,-0.000548291,-0.001180117,1
-0.002125149,0.0059722,-0.0040453,0.014250478,-0.007228097,-0.000620243,-0.002646026,1
-0.001846505,-0.004817217,-0.005864826,0.001070676,-0.007423453,-0.005461397,-0.00681971,0
-0.001377275,-0.013152041,-0.00468989,-0.002884327,0.000998688,-0.009845709,-0.00670868,0
0.003718222,0.012249195,0.009640602,0,0.00421203,0.012638036,0.004772614,0
0.008967269,0.018159931,0.006083883,0.000201679,0.017035947,0.014396731,0.011872228,1
-0.001712249,0.000895086,-0.004439078,0.007293934,-0.012813303,-0.000367489,-0.002109322,1
0.007357426,8.34E-05,-0.003625482,-0.008603672,0.003091891,-0.000761239,0.00023762,0
0.001375442,0.00033348,-0.002736117,0.000363777,-0.004676834,-0.002146761,-0.004536707,0
0,0.009195994,0.011742273,0.001533643,0.004394866,0.010994785,0.002405877,0
-0.010167185,-0.008532191,-0.013246988,0.003617375,-0.012229011,-0.01064461,0.001085768,1
-0.001295772,-0.008292367,-0.018371758,-0.011411733,-0.007105029,-0.010087879,-0.010442022,0
0.002410664,0.005416474,0.004828217,-0.015719842,-0.006186256,0.00839604,-0.006853521,1
0.005819323,0.000757244,0.008040448,0.0068469,0.004243655,0.004157979,-0.001144755,0
0.00026336,-0.001240198,-0.004417624,0.011466987,-0.010395646,-0.004044152,-0.000885489,0
0.004212062,0.009634681,0.008665055,-0.00599245,0,0.007096901,0.005018525,1
0.002241765,0.003952976,-0.000687095,0.007352326,-0.009622771,0.00191942,-0.001148903,0
-0.018013749,-0.007403399,-0.014130991,-0.011355753,-0.020082457,-0.010477804,-0.009911919,0
0.007633327,-0.00357116,-0.003150467,-0.011886581,-0.001845836,-0.002649511,-0.005788719,1
0.016555814,0.014976002,0.016056924,0.003566623,0.018926038,0.015088586,0.006223865,1
-0.002726279,-8.35E-05,0.00707485,0.017640939,-0.017230143,0.001617824,0.003631322,1
0.002351473,0.001392468,-0.002803881,-0.002489383,0.001153964,-0.002883468,0.000476055,0
0.002880096,0.003127022,0.002353787,0.0106948,-0.0226618,0.002761148,-0.003184935,1
0.006220742,0.009298107,0.008897506,0.004591322,0.001423858,0.008216678,-0.00334572,0
0.004176098,0.005424862,0.006637976,0.004139817,0.006237962,0.003980283,-0.004498994,1
-0.002789697,-0.000319582,-0.006423159,-0.001707929,-0.023895466,-0.003024061,-0.014248555,1
0.00074922,0.002643718,-0.005351106,-0.001147786,0.00559025,-0.003742423,-0.014759632,0
0.005492239,0.004203526,0.007100974,0.011240935,0.018077126,0.004727187,0.003930882,1
0.002382143,0.003443976,-0.000461932,0,0.012122826,0.000168532,0.013448054,0
-0.003240202,0.000460915,-0.003802537,0.001968126,-0.003265641,-0.00054988,-0.001430447,1
0.006237986,0.001925162,0.007952263,0.005717493,0.01837079,0.006974609,0.003038986,1
0.003070891,-0.00118625,0.000345034,0.002619553,0.001685693,-0.000580515,0.001038585,1
0.001922906,0.002872108,-0.000723066,0.00056828,0.005627925,0.000571574,0.006937873,1
-0.020742153,-0.014238861,-0.011274897,0.001357583,-0.011941676,-0.012615329,-0.000957736,0
0,-0.000472672,-0.002997105,-0.017919626,-0.012251554,-0.005464894,-0.014296931,0